frame,id,x1,y1,x2,y2
1,1,410.983,463.045,496.441,594.253
1,2,442.171,391.88,465.963,460.739
1,3,67.7287,411.733,156.047,543.276
1,4,760.498,454.172,796.669,573.301
1,5,1268.93,465.353,1314.44,601.128
1,6,66.8965,100.758,1776.12,858.748
1,7,24.1492,271.681,1285.41,691.901
1,8,0.0,310.664,1242.87,471.923
1,9,7.82739,351.959,1112.67,537.223
1,10,117.965,321.898,660.687,627.797
1,11,431.416,392.382,477.315,466.435
1,12,400.802,378.124,432.393,454.048
1,13,209.413,458.361,257.742,591.652
1,14,630.141,405.366,662.353,505.295
1,15,898.05,400.112,932.475,507.677
1,16,568.455,390.155,588.608,465.669
1,17,463.185,393.997,482.068,456.552
1,18,605.052,400.085,633.012,473.369
1,19,470.588,388.016,507.443,467.844
2,1,418.393,461.659,498.945,596.232
2,2,443.147,390.892,468.659,464.312
2,3,67.6635,412.375,154.576,542.257
2,4,759.332,451.15,795.531,574.536
2,5,1270.45,463.788,1318.11,597.704
2,6,28.7803,158.64,1778.61,765.105
2,7,21.3732,267.469,1259.73,688.112
2,9,199.745,339.789,1315.19,560.605
2,10,19.2448,336.847,900.299,609.708
2,12,399.772,378.482,433.865,455.03
2,13,207.245,459.747,257.085,590.808
2,14,630.755,407.987,661.287,505.664
2,15,898.268,399.974,932.29,507.435
2,16,568.981,392.745,589.084,465.019
2,17,460.853,389.49,491.931,463.393
2,18,605.617,399.218,633.726,472.436
2,19,474.116,385.339,508.09,463.019
2,20,610.88,402.696,645.903,500.376
3,1,427.728,463.465,500.871,593.158
3,2,442.387,391.869,469.233,464.827
3,3,67.9849,412.639,154.245,542.681
3,4,760.52,455.63,795.227,571.934
3,5,1269.64,464.434,1314.08,601.707
3,6,3.45544,294.644,1680.01,861.515
3,7,26.5336,250.793,1292.26,675.731
3,8,138.07,87.6515,1171.9,553.24
3,9,17.3253,357.345,1056.06,601.835
3,10,127.307,317.805,692.173,633.61
3,11,456.551,392.908,480.989,460.637
3,12,398.257,379.144,433.073,454.263
3,13,206.581,462.459,257.153,593.575
3,14,630.362,410.217,660.181,505.903
3,15,897.934,400.359,932.221,507.626
3,16,568.391,390.552,588.672,465.326
3,17,461.513,386.403,495.975,468.308
3,18,605.565,398.246,632.268,475.811
3,19,473.762,385.016,509.04,465.536
3,21,355.618,230.48,380.008,253.01
4,1,421.326,462.335,504.318,595.728
4,2,443.114,390.512,468.053,465.559
4,3,69.9913,411.978,155.731,543.645
4,4,760.261,450.822,794.311,573.023
4,5,1269.7,464.59,1314.18,601.901
4,6,24.058,213.688,1725.5,928.182
4,7,30.8579,268.518,1291.3,679.996
4,9,14.7273,354.042,1058.53,605.79
4,10,129.296,324.02,696.219,631.46
4,11,461.27,392.279,483.017,454.544
4,12,396.72,379.203,430.108,454.575
4,13,206.137,462.65,257.163,594.052
4,14,629.161,413.55,658.293,506.734
4,15,898.136,400.436,931.81,507.127
4,16,568.361,390.886,588.594,464.719
4,17,465.71,385.609,507.331,467.323
4,18,605.814,398.517,630.96,469.572
4,19,483.499,387.815,511.344,462.971
4,22,1310.06,500.581,1325.55,560.639
4,23,613.989,420.902,635.588,475.726
4,24,916.189,337.552,928.471,396.256
4,25,446.988,386.539,487.085,459.907
5,1,426.922,461.353,507.407,594.873
5,2,442.738,390.482,468.609,467.069
5,3,75.0431,412.57,154.793,543.595
5,4,762.316,455.066,792.657,567.269
5,5,1268.48,464.857,1313.4,600.224
5,6,10.4365,289.606,1705.95,870.234
5,7,31.09,284.957,1283.2,683.176
5,8,55.6766,45.7788,1811.54,690.594
5,9,4.8092,349.013,1082.6,539.253
5,10,124.691,328.096,686.527,634.199
5,11,460.417,392.445,483.762,458.361
5,12,396.79,380.349,429.441,454.25
5,13,206.23,464.048,257.052,595.104
5,14,625.875,414.687,657.325,508.906
5,15,897.747,400.034,932.593,506.979
5,16,568.317,392.189,589.009,463.414
5,17,465.478,385.219,507.073,466.371
5,18,607.117,404.427,630.362,451.033
5,19,492.319,401.78,511.596,466.576
5,23,611.418,420.437,633.15,472.683
5,26,615.273,408.951,636.866,448.632
6,1,453.844,466.108,507.681,589.767
6,2,442.586,391.946,467.977,467.414
6,3,78.2758,412.176,155.319,542.558
6,4,762.716,453.552,793.589,570.918
6,5,1269.97,465.009,1315.33,601.954
6,6,0.0,294.35,1743.6,887.27
6,7,35.4781,270.607,1297.77,676.12
6,8,81.4812,64.0642,1831.46,709.197
6,9,37.8123,362.766,1062.51,598.508
6,11,461.21,393.758,482.372,457.985
6,12,397.206,379.886,430.686,456.543
6,13,206.219,464.504,257.421,594.313
6,14,625.416,414.355,656.87,509.359
6,15,898.039,400.478,932.45,506.198
6,16,568.125,392.064,588.992,463.43
6,17,475.68,387.1,508.036,461.254
6,18,606.979,401.869,629.889,454.289
6,19,491.138,393.263,511.31,466.304
6,23,611.632,414.085,633.389,473.297
7,1,461.316,465.243,507.574,576.936
7,2,442.868,391.783,468.758,469.066
7,3,78.1045,410.587,152.904,543.423
7,4,761.52,451.24,793.583,571.784
7,5,1269.18,462.334,1311.43,600.73
7,6,18.7168,242.161,1745.79,930.116
7,7,37.1735,273.14,1261.79,676.527
7,8,55.939,41.4542,1766.97,689.271
7,9,48.5048,363.122,1072.08,590.958
7,11,459.994,390.076,483.885,460.386
7,12,397.916,380.006,426.202,451.917
7,13,205.454,465.559,257.27,594.976
7,14,622.692,415.909,656.577,510.04
7,15,897.347,401.582,933.78,510.008
7,16,568.289,392.457,588.732,462.433
7,17,475.437,384.117,507.602,461.308
7,18,606.668,403.845,630.784,445.625
7,23,610.915,405.154,631.821,475.375
7,27,156.418,73.108,1227.69,568.257
7,28,444.582,385.687,491.54,462.18
8,1,471.15,466.941,512.479,584.011
8,2,441.383,391.279,467.278,464.103
8,3,83.8868,411.945,154.36,541.46
8,4,762.872,454.081,793.117,568.927
8,5,1270.1,460.276,1312.28,599.381
8,7,37.0266,274.323,1297.38,681.762
8,8,25.4808,140.148,1786.82,775.157
8,9,52.8209,367.312,1127.53,592.83
8,11,460.435,389.435,483.23,459.255
8,12,397.521,378.727,426.254,451.228
8,13,204.798,466.557,258.185,595.266
8,14,618.1,412.366,654.532,508.578
8,15,898.399,399.722,932.666,506.493
8,16,568.253,392.496,588.846,461.47
8,17,467.387,383.758,509.185,464.574
8,18,609.215,404.544,630.395,441.959
8,23,611.612,437.758,626.214,472.051
8,28,446.755,385.987,489.469,462.196
8,29,606.833,336.965,1548.14,647.25
8,30,1.28314,352.332,1082.68,494.055
9,1,473.39,463.585,516.248,590.161
9,2,442.978,390.943,467.211,464.905
9,3,87.311,411.775,152.965,542.208
9,4,762.869,452.702,792.594,567.536
9,5,1269.02,464.185,1311.14,600.768
9,6,42.9811,361.701,1254.09,862.138
9,7,18.9459,275.782,1425.59,626.338
9,8,55.8843,154.654,1812.05,707.347
9,9,24.1807,80.9698,1190.63,568.088
9,11,460.843,388.78,482.393,456.985
9,12,396.413,380.063,423.723,454.045
9,13,204.584,466.929,258.548,596.18
9,14,616.7,410.226,654.076,508.97
9,15,898.527,402.906,934.09,508.599
9,16,568.421,392.944,589.031,461.533
9,17,461.874,366.519,508.018,467.578
9,18,607.145,403.565,633.131,443.184
9,28,451.492,385.592,495.231,460.655
9,30,34.6901,352.113,1122.31,541.734
9,31,1308.94,504.887,1324.48,561.115
9,32,478.107,384.681,507.886,460.394
10,1,477.352,465.329,520.651,589.547
10,2,442.805,391.203,466.95,465.946
10,3,92.8624,411.599,154.396,538.355
10,4,764.486,455.133,790.616,559.44
10,5,1269.71,459.656,1314.76,601.622
10,6,44.7662,371.247,1102.42,599.695
10,7,39.8196,271.585,1285.93,685.617
10,8,32.8181,142.465,1787.17,785.383
10,9,28.3721,79.4282,1186.49,575.907
10,11,461.57,386.861,483.842,457.717
10,12,394.736,379.732,427.653,454.125
10,13,204.493,469.28,258.316,597.171
10,14,616.663,415.198,652.251,511.206
10,15,897.838,401.254,934.703,506.84
10,16,567.773,393.319,589.575,461.544
10,18,609.308,404.339,632.372,443.836
10,23,611.079,421.161,629.473,476.154
10,28,448.406,385.31,493.251,459.447
10,30,0.0,353.794,1102.06,496.611
10,31,1309.88,502.461,1324.19,558.1
10,32,467.381,384.224,506.886,459.964
10,33,617.337,406.545,641.863,437.24
10,34,611.699,407.57,639.488,501.256
11,1,482.242,461.591,526.474,590.042
11,2,443.077,391.785,467.588,464.735
11,3,101.295,409.26,154.751,539.057
11,4,764.286,454.797,790.979,557.795
11,5,1269.02,460.989,1314.38,599.679
11,7,41.0277,273.106,1310.78,686.795
11,8,11.2759,228.186,1744.05,916.647
11,9,31.0283,81.1527,1683.6,595.074
11,11,461.801,387.023,489.82,455.295
11,12,388.743,379.647,427.541,457.871
11,13,203.575,469.508,258.209,596.999
11,14,626.708,426.597,652.918,506.261
11,15,897.078,401.72,933.745,506.829
11,16,568.022,392.691,589.54,462.971
11,18,608.031,402.622,636.02,439.63
11,30,4.63275,342.253,1149.14,558.082
11,31,1309.7,504.386,1324.33,557.87
11,32,470.302,380.705,508.169,462.365
11,34,612.984,412.497,649.989,512.491
12,1,484.792,465.303,532.217,590.907
12,2,442.336,390.781,467.016,466.466
12,3,105.049,410.286,152.468,535.123
12,4,765.056,454.834,789.87,557.319
12,5,1270.13,461.444,1313.84,599.154
12,7,36.2568,275.631,1279.95,683.955
12,8,24.0369,146.369,1780.77,765.07
12,9,130.949,68.6119,1257.16,568.316
12,11,461.543,388.144,488.436,454.5
12,12,387.879,380.454,419.886,451.652
12,13,201.497,468.984,256.352,597.695
12,15,896.582,400.059,933.726,506.894
12,16,568.455,392.875,589.253,463.615
12,18,607.258,400.143,635.08,435.671
12,30,6.55438,341.888,1153.04,560.631
12,31,1310.24,504.953,1324.35,556.402
12,32,472.885,384.337,505.312,458.831
12,34,612.585,411.228,647.776,512.946
13,1,487.954,464.677,537.017,590.401
13,2,440.908,394.179,465.827,467.461
13,3,109.187,408.033,151.39,536.252
13,4,764.958,452.246,792.476,571.17
13,5,1269.46,460.508,1313.31,600.054
13,6,32.9406,350.996,927.345,598.574
13,7,33.4258,269.347,1293.57,677.203
13,8,80.0271,73.9536,1776.31,782.392
13,9,25.2529,76.9134,1195.51,574.189
13,11,460.709,388.752,483.659,458.426
13,12,386.185,380.596,420.119,453.558
13,13,200.568,468.183,256.373,597.95
13,15,897.511,400.732,933.626,506.145
13,16,567.487,393.678,588.909,460.424
13,18,608.874,402.005,634.825,438.174
13,28,457.6,386.304,501.927,464.045
13,30,0.0,344.852,1119.91,495.539
13,32,476.959,384.763,505.854,460.238
13,34,612.521,415.476,646.081,513.013
13,35,444.538,387.836,481.402,469.446
13,36,200.109,342.262,1418.86,570.692
14,1,489.352,462.696,545.249,591.221
14,2,440.86,394.076,465.637,467.524
14,3,113.2,407.233,154.804,532.679
14,4,764.57,453.216,792.352,569.162
14,5,1269.71,461.089,1313.41,600.01
14,6,40.5147,351.864,937.048,601.792
14,7,36.7794,276.987,1287.92,672.897
14,8,82.851,82.2746,1770.18,780.591
14,9,26.1551,72.9593,1226.22,563.339
14,11,460.641,388.518,484.658,458.666
14,12,383.757,380.845,418.843,454.172
14,13,200.338,468.587,256.215,598.501
14,15,898.245,402.532,934.868,507.733
14,16,567.687,392.99,588.735,464.176
14,18,610.46,403.548,635.493,438.804
14,28,452.759,384.404,499.959,472.384
14,32,473.521,384.155,505.532,461.957
14,34,612.539,417.674,645.433,513.017
15,1,491.314,461.542,549.93,589.734
15,2,440.202,392.828,464.017,464.967
15,3,116.351,406.894,158.985,529.642
15,4,764.505,453.2,792.308,567.383
15,5,1268.21,461.912,1312.03,601.715
15,6,13.2663,363.174,1114.51,597.747
15,7,37.1053,272.273,1296.11,679.211
15,8,79.6205,79.2274,1773.67,787.447
15,9,26.1542,74.7242,1205.12,576.54
15,11,461.055,389.206,482.781,454.826
15,12,383.768,379.202,415.367,453.171
15,13,199.61,467.352,256.111,598.957
15,15,897.47,400.841,933.999,505.851
15,16,567.791,392.193,589.506,463.934
15,18,610.305,400.329,637.373,436.336
15,28,453.666,385.406,497.952,460.956
15,30,27.4239,345.471,605.636,587.912
15,32,479.678,385.646,505.513,456.633
15,34,610.25,410.653,643.873,513.087
15,37,392.116,408.872,421.888,448.848
15,38,469.585,387.236,492.374,456.917
16,1,492.053,459.707,559.814,588.421
16,2,439.95,393.335,463.416,465.908
16,3,118.781,407.315,161.451,529.356
16,4,764.653,452.454,792.2,566.757
16,5,1268.28,461.685,1312.04,602.2
16,6,23.7991,354.703,1034.68,557.327
16,7,37.106,276.879,1287.65,685.539
16,8,85.4133,80.666,1766.48,789.777
16,9,25.8923,74.5134,1223.32,577.007
16,11,459.778,389.781,483.361,461.013
16,12,384.386,379.601,415.162,454.088
16,13,198.742,467.394,256.325,599.09
16,15,898.148,402.148,934.772,507.114
16,16,567.427,391.44,589.316,461.676
16,18,610.725,402.996,636.938,440.717
16,28,442.962,389.806,479.827,470.156
16,32,480.239,384.94,506.295,462.4
16,34,609.341,418.087,640.136,513.412
16,38,459.918,387.167,509.508,470.836
17,1,493.677,460.531,565.994,588.057
17,2,440.649,393.926,463.26,463.851
17,3,120.855,405.974,163.296,534.188
17,4,764.175,453.718,792.176,565.89
17,5,1268.29,461.614,1312.29,602.343
17,6,56.3647,368.116,1126.18,600.655
17,7,37.227,281.727,1279.82,682.951
17,8,82.0889,80.4738,1773.07,786.24
17,9,26.4645,75.5864,1200.49,573.398
17,11,459.777,388.337,483.397,460.205
17,12,384.145,378.609,413.769,453.616
17,13,198.247,467.311,256.128,599.442
17,15,898.168,401.967,934.595,507.287
17,16,567.465,390.998,589.215,461.268
17,18,610.787,401.474,636.941,440.163
17,28,443.473,388.006,481.799,472.684
17,30,27.0238,342.516,616.343,589.841
17,32,480.47,384.612,505.258,462.685
17,34,608.875,421.526,639.2,512.408
17,38,458.825,386.448,509.42,471.675
17,39,468.392,387.09,494.074,462.446
17,40,422.543,391.337,463.928,469.622
18,1,500.228,460.749,570.036,585.558
18,2,440.317,393.665,463.659,464.053
18,3,124.244,405.999,166.989,531.986
18,4,763.777,453.582,792.324,568.362
18,5,1268.68,461.728,1312.31,602.156
18,6,28.2068,366.922,1115.07,594.96
18,7,36.7225,280.97,1275.78,686.066
18,8,80.5383,80.3073,1770.96,783.564
18,9,25.8923,76.5984,1190.21,568.865
18,11,459.772,387.864,483.434,458.714
18,12,381.493,380.299,413.99,453.461
18,13,197.976,467.406,256.182,600.542
18,15,898.387,401.868,934.543,507.342
18,16,567.53,391.317,589.277,461.912
18,18,611.609,397.123,636.341,437.524
18,28,442.923,388.634,480.603,469.682
18,30,30.7412,344.003,612.628,584.285
18,32,482.232,385.138,506.578,462.799
18,34,605.969,413.177,638.033,515.173
18,38,460.449,384.381,506.216,467.598
18,41,615.129,402.934,637.177,482.064
19,1,503.466,459.534,575.346,584.025
19,2,440.105,393.111,464.541,467.428
19,3,126.337,404.655,170.29,530.734
19,4,763.493,454.189,792.127,564.54
19,5,1268.16,461.975,1312.82,602.042
19,6,15.6212,339.37,1127.99,550.983
19,7,35.1011,277.931,1285.57,683.58
19,8,36.957,152.121,1762.82,742.89
19,9,25.3032,74.8632,1210.45,575.745
19,11,459.793,388.222,483.212,461.658
19,12,382.077,381.474,409.164,449.938
19,13,197.695,467.377,255.974,601.423
19,15,898.061,400.451,933.712,506.27
19,16,567.544,391.25,589.186,460.515
19,18,611.349,397.607,636.693,436.207
19,30,25.3782,345.681,602.425,589.372
19,32,483.139,386.566,506.607,463.749
19,34,604.304,423.346,636.584,515.447
19,38,459.436,384.894,505.72,468.699
19,42,1310.02,499.671,1324.81,556.486
19,43,299.214,351.492,1546.37,647.35
20,1,504.912,459.006,577.101,576.532
20,2,439.795,392.877,464.069,467.667
20,3,128.406,406.366,174.32,532.446
20,4,760.361,451.506,793.92,573.414
20,5,1268.64,462.049,1312.17,602.124
20,6,15.587,342.876,1123.98,547.315
20,7,42.5025,366.968,1251.46,843.8
20,8,30.4233,158.678,1761.01,739.032
20,9,56.3406,197.982,1176.6,633.413
20,11,459.237,386.861,484.636,462.58
20,12,381.554,382.147,408.358,450.971
20,13,197.193,468.251,253.54,601.423
20,15,898.55,400.149,933.783,506.272
20,16,567.334,391.74,588.957,459.118
20,18,611.432,401.094,636.752,442.129
20,30,27.1356,348.595,617.812,590.82
20,32,479.412,386.089,505.637,463.532
20,34,598.976,418.597,636.617,518.041
20,38,457.895,386.082,507.671,470.979
20,42,1309.57,504.147,1324.56,557.43
20,43,276.886,354.725,1541.84,646.436
20,44,609.417,402.741,637.428,484.24
21,1,513.125,461.407,578.484,572.496
21,2,439.615,392.821,464.39,467.887
21,3,130.617,408.109,180.53,533.32
21,4,760.833,452.655,793.34,569.282
21,5,1269.49,461.614,1312.2,602.37
21,6,17.4877,345.324,1133.26,554.666
21,7,44.2269,330.864,1185.49,731.326
21,8,30.5827,159.459,1757.72,740.265
21,9,97.019,104.952,1156.91,636.34
21,11,458.462,386.586,485.648,465.085
21,12,379.264,381.839,405.053,450.048
21,13,196.035,468.545,253.059,602.509
21,15,898.626,401.679,934.702,507.769
21,16,568.223,391.876,589.023,459.13
21,18,612.243,402.727,637.711,447.609
21,30,25.4144,349.362,622.841,586.895
21,32,477.605,386.673,505.843,463.513
21,34,594.84,428.024,636.905,520.281
21,43,279.015,356.842,1542.22,646.369
21,44,613.57,406.344,638.927,513.452
21,45,620.683,409.572,636.919,472.407
22,1,522.678,458.218,580.289,565.277
22,2,439.833,393.344,463.565,468.667
22,3,131.713,405.836,186.195,531.578
22,4,762.407,450.971,793.259,574.085
22,5,1271.83,460.583,1315.46,598.606
22,6,44.0264,367.443,1109.32,591.734
22,7,40.4039,274.827,1275.56,685.597
22,8,82.8768,85.6925,1769.34,787.339
22,9,26.5494,76.4258,1209.91,577.035
22,11,458.684,386.098,485.665,465.144
22,12,375.754,380.524,409.578,456.987
22,13,195.454,469.356,251.083,603.179
22,15,897.846,400.927,934.177,506.035
22,16,568.88,392.941,589.443,457.046
22,18,615.476,396.098,639.028,451.296
22,32,481.172,385.522,507.193,467.393
22,34,591.298,416.941,639.437,521.075
22,38,443.61,389.128,481.498,472.091
22,42,1309.49,499.827,1324.93,557.481
22,43,504.98,381.207,1539.26,675.811
22,44,613.112,403.462,639.032,514.009
22,45,620.416,411.232,637.742,475.358
23,1,531.046,458.567,580.412,560.04
23,2,440.338,393.766,464.001,467.453
23,3,134.111,408.453,192.188,532.605
23,4,760.087,451.021,793.985,573.843
23,5,1271.77,460.8,1314.24,598.624
23,6,32.9735,363.437,1094.64,591.965
23,7,40.8536,274.812,1267.31,689.625
23,8,43.7064,89.8429,1813.15,815.891
23,9,26.1981,77.9514,1215.77,579.444
23,11,458.488,385.964,485.393,465.31
23,12,375.679,380.449,406.066,459.234
23,13,196.246,469.291,249.781,604.187
23,15,898.099,400.13,933.584,506.33
23,16,569.293,395.166,588.986,453.527
23,18,615.854,397.846,639.76,451.882
23,32,477.585,385.721,506.656,465.935
23,34,588.9,423.117,636.051,521.944
23,42,1307.7,476.328,1326.36,565.091
23,43,263.754,356.316,1540.85,649.022
23,44,618.753,405.466,640.753,503.124
23,45,623.507,421.121,640.806,471.935
24,1,530.026,456.442,583.508,570.108
24,2,439.998,392.946,464.295,468.043
24,3,135.629,409.909,194.134,529.623
24,4,761.617,451.658,793.506,569.073
24,5,1273.66,460.916,1314.66,595.383
24,6,32.5728,359.016,1110.11,594.737
24,7,44.7545,272.539,1267.28,692.723
24,8,88.6544,86.4306,1767.76,782.98
24,9,27.2809,76.1474,1210.6,574.122
24,11,460.054,386.826,483.923,463.486
24,12,374.211,381.206,401.85,451.615
24,13,196.19,469.305,249.626,604.561
24,15,898.049,400.034,933.296,506.438
24,16,567.905,391.685,588.72,453.156
24,18,616.834,401.214,641.233,448.165
24,32,477.706,386.025,505.733,463.849
24,34,594.742,424.563,635.887,516.732
24,42,1307.06,481.494,1326.22,566.099
24,43,249.963,359.686,1546.24,650.799
24,44,615.968,407.734,641.366,511.285
24,46,556.16,439.357,602.611,544.869
24,47,1308.91,501.576,1322.84,558.347
24,48,465.422,383.887,496.703,464.273
25,1,541.552,455.536,585.043,565.881
25,2,440.203,392.775,463.792,468.529
25,3,135.416,410.674,198.441,531.244
25,4,761.505,450.95,793.358,568.631
25,5,1272.15,461.509,1311.8,600.809
25,6,30.6246,360.83,1148.98,589.605
25,7,43.2551,266.708,1258.87,692.369
25,8,88.5823,87.2993,1767.73,787.131
25,9,27.4497,76.4221,1200.19,577.855
25,11,459.836,386.865,483.059,460.563
25,12,374.529,381.854,402.869,455.671
25,13,194.804,470.915,250.925,605.774
25,15,898.028,399.961,933.248,506.387
25,16,567.969,392.022,588.854,451.984
25,18,616.644,399.669,641.039,450.392
25,32,477.319,387.136,505.836,462.405
25,34,593.648,428.425,629.742,513.624
25,42,1308.69,478.868,1326.33,567.022
25,43,254.189,360.477,1555.29,651.155
25,44,618.341,404.31,641.686,513.9
25,46,556.715,447.883,598.466,553.255
25,48,465.525,385.212,494.692,462.631
25,49,569.949,448.203,601.893,528.903
25,50,442.428,388.429,480.24,471.572
25,51,567.957,429.201,624.399,517.447
25,52,569.445,445.997,600.287,481.094
26,1,543.203,453.869,594.313,570.75
26,2,440.23,392.597,464.127,468.901
26,3,136.303,411.337,199.525,530.36
26,4,759.408,451.42,793.179,570.305
26,5,1273.78,461.14,1314.36,597.474
26,6,33.9208,329.113,1112.2,554.283
26,7,43.232,274.189,1258.62,692.263
26,8,88.155,83.4756,1770.89,781.58
26,9,29.1113,77.6541,1181.87,587.475
26,11,458.821,385.647,485.258,466.144
26,12,372.21,381.232,405.659,464.6
26,13,196.144,471.005,249.625,605.715
26,15,898.411,401.115,933.448,506.358
26,16,569.878,396.54,589.337,451.405
26,18,620.427,402.954,640.576,461.42
26,32,476.849,387.212,506.653,465.79
26,34,586.473,426.624,630.689,518.525
26,42,1307.92,479.469,1326.34,567.973
26,43,264.481,355.733,1557.05,653.329
26,52,567.382,422.726,592.818,476.002
26,53,457.826,426.719,478.535,467.096
26,54,44.6292,368.327,759.998,597.207
27,1,547.447,451.86,598.184,570.286
27,2,440.219,391.971,464.807,470.238
27,3,136.762,411.834,199.852,530.155
27,4,758.582,451.77,793.599,571.868
27,5,1273.32,462.407,1312.75,599.675
27,6,23.4139,329.854,1108.16,550.878
27,7,43.744,275.464,1255.78,696.307
27,8,90.886,87.7261,1770.14,784.563
27,9,30.5071,79.1085,1177.0,587.443
27,11,458.451,386.723,485.296,463.315
27,12,372.625,380.924,402.421,458.521
27,13,195.025,470.302,245.146,604.47
27,15,898.217,401.154,933.425,506.51
27,16,570.083,396.74,589.114,449.809
27,18,618.349,402.575,642.492,468.899
27,32,479.524,385.943,506.645,462.009
27,34,583.277,431.899,625.112,511.924
27,42,1308.93,504.146,1324.63,559.292
27,43,496.542,382.698,1550.03,679.884
27,46,557.298,433.764,616.189,549.011
27,48,466.296,390.245,493.095,455.868
27,49,568.071,446.26,613.364,512.524
27,53,458.926,426.309,480.041,466.953
27,55,458.262,382.702,508.117,469.481
28,1,555.314,451.077,607.355,570.336
28,2,439.737,391.752,466.345,469.019
28,3,139.349,410.56,203.965,534.005
28,4,757.965,452.364,792.995,571.511
28,5,1273.56,460.392,1314.97,599.409
28,6,19.8245,339.219,1169.67,559.293
28,7,44.3584,282.825,1248.72,693.024
28,8,43.7497,119.314,1745.84,746.743
28,9,30.4464,75.1513,1201.56,577.587
28,11,458.52,385.818,485.396,460.291
28,12,368.283,383.34,401.613,456.006
28,13,195.923,470.781,244.304,604.661
28,15,898.367,401.84,933.722,506.387
28,16,567.662,391.898,589.816,454.245
28,18,617.893,399.152,643.375,472.48
28,32,476.871,385.236,507.719,463.606
28,34,585.201,431.288,622.056,503.706
28,42,1309.27,504.534,1323.98,558.186
28,55,449.989,386.665,498.064,471.475
28,56,42.6215,370.694,765.985,596.996
29,1,555.827,452.431,611.438,570.078
29,2,440.031,392.832,464.514,466.871
29,3,137.687,411.285,205.472,533.965
29,4,757.736,452.537,792.959,570.733
29,5,1273.55,460.361,1315.64,598.725
29,6,203.482,340.018,1413.84,566.096
29,7,45.8658,282.304,1256.87,696.161
29,8,41.6557,148.172,1759.42,741.985
29,9,31.6606,75.0346,1178.7,575.059
29,11,458.977,387.02,482.744,459.12
29,12,368.932,383.588,403.07,456.453
29,13,196.204,470.636,244.658,604.725
29,15,898.253,400.324,933.241,506.571
29,16,569.25,394.911,590.476,455.171
29,18,618.774,399.138,642.469,474.756
29,32,471.171,384.985,507.413,463.317
29,34,584.286,435.061,623.437,486.83
29,42,1309.59,504.88,1324.34,558.975
29,43,501.175,380.024,1546.38,682.211
29,49,569.911,441.748,622.328,518.805
29,52,576.811,427.353,605.634,465.965
29,55,449.828,387.008,499.257,471.693
29,56,44.7393,345.944,918.04,612.735
30,1,556.237,449.586,614.678,567.229
30,2,440.036,392.917,463.771,466.657
30,3,135.927,412.626,206.029,529.838
30,4,756.662,452.737,792.918,574.809
30,5,1274.2,459.979,1314.9,600.45
30,6,7.8736,329.395,1124.9,554.769
30,7,47.0352,282.031,1238.73,697.129
30,8,45.9883,116.918,1751.36,743.436
30,9,31.4575,78.3558,1191.11,577.314
30,11,459.405,389.132,480.053,458.728
30,12,365.711,384.121,398.625,452.81
30,13,196.591,469.958,245.76,605.419
30,15,898.213,401.549,933.488,506.943
30,16,568.719,396.052,590.564,448.942
30,18,618.101,395.876,643.231,477.648
30,32,476.563,385.018,507.42,463.093
30,34,580.3,434.965,622.029,489.457
30,42,1309.51,505.264,1324.21,558.504
30,48,464.078,383.339,493.75,461.493
30,52,579.0,430.059,611.589,467.38
30,53,458.729,428.78,480.705,468.656
31,1,559.141,448.706,614.868,567.956
31,2,441.212,393.26,463.466,466.545
31,3,142.068,410.493,208.259,528.623
31,4,756.13,451.872,792.352,574.986
31,5,1278.99,464.367,1312.87,598.13
31,6,11.3388,334.849,1110.86,556.009
31,7,47.7971,276.92,1217.45,696.245
31,8,39.0832,152.147,1747.7,735.086
31,9,31.7402,77.0845,1197.76,569.84
31,11,458.671,387.555,482.436,459.904
31,12,366.038,383.79,397.62,452.168
31,13,198.069,469.466,246.704,605.291
31,15,898.124,401.725,933.753,506.826
31,16,568.049,393.184,589.572,449.751
31,18,617.552,397.534,643.942,473.503
31,32,475.386,384.924,507.546,463.159
31,34,582.207,444.006,621.053,479.113
31,42,1309.62,504.807,1324.2,558.415
31,43,227.998,355.172,1566.12,653.258
31,48,463.034,382.613,496.791,462.892
31,53,459.236,427.397,480.062,468.295
32,1,559.362,446.294,619.405,563.397
32,2,440.761,391.366,463.818,468.476
32,3,141.766,412.456,209.425,528.811
32,4,753.288,453.155,792.335,575.669
32,5,1276.89,459.791,1314.87,602.605
32,6,0.0769043,330.494,1116.44,553.084
32,7,46.7879,274.616,1222.23,702.499
32,8,39.6411,142.431,1769.14,768.841
32,9,30.5227,77.9595,1185.31,558.885
32,11,459.153,386.851,484.246,460.648
32,12,360.176,383.681,393.74,453.427
32,13,200.516,469.79,249.482,606.411
32,15,898.775,402.398,934.217,507.798
32,16,567.897,392.087,589.801,450.788
32,18,617.61,396.223,644.429,481.839
32,32,476.137,384.737,507.863,463.798
32,42,1307.37,483.56,1325.73,556.849
32,43,240.952,347.812,1553.43,654.093
32,55,443.323,386.67,479.77,470.762
33,1,568.675,445.312,623.615,560.725
33,2,440.842,392.0,463.909,469.806
33,3,146.286,410.739,208.587,527.944
33,4,752.77,453.219,792.294,576.465
33,5,1277.74,460.366,1315.0,601.025
33,6,32.622,337.687,1135.42,546.173
33,7,51.8689,357.38,1227.01,843.171
33,8,41.9301,147.584,1746.05,740.68
33,9,63.0897,192.892,1168.97,631.66
33,11,459.501,387.705,483.963,463.107
33,12,358.916,383.123,395.088,455.006
33,13,202.041,470.593,251.194,606.705
33,15,898.32,401.95,933.384,506.056
33,16,568.246,392.694,590.336,450.454
33,18,618.276,391.919,643.52,478.624
33,32,477.568,384.798,507.881,464.541
33,42,1296.4,472.853,1325.6,584.908
33,43,255.057,350.461,1545.99,655.92
33,48,454.783,384.884,503.709,468.135
33,57,570.131,407.271,598.772,460.749
34,1,573.081,449.144,627.805,562.788
34,2,440.766,390.118,464.003,468.163
34,3,147.989,408.01,208.906,528.998
34,4,752.573,452.422,791.501,575.974
34,5,1279.04,463.826,1312.41,599.796
34,6,43.9537,363.974,1116.79,587.088
34,7,50.3274,275.762,1235.68,707.543
34,8,44.1186,144.324,1754.96,749.305
34,9,132.97,85.706,1124.2,568.352
34,11,458.708,388.64,481.025,456.27
34,12,358.051,384.505,395.671,451.596
34,13,203.244,470.281,253.042,607.06
34,15,898.463,402.229,933.618,506.74
34,16,568.124,393.219,590.049,450.786
34,18,618.969,393.64,644.042,488.487
34,32,477.411,384.195,507.043,462.511
34,43,249.531,352.469,1553.08,651.963
34,48,468.072,383.218,495.196,460.484
35,1,573.614,442.175,629.05,558.531
35,2,441.377,392.763,462.278,466.883
35,3,151.962,408.272,209.848,529.282
35,4,749.364,450.66,792.302,575.75
35,5,1277.22,459.562,1316.54,602.253
35,6,38.3521,332.853,1135.5,550.606
35,7,51.2158,271.731,1253.79,702.19
35,8,96.5977,84.6006,1768.64,789.696
35,9,134.816,79.965,1201.05,588.046
35,11,458.905,387.934,480.084,454.682
35,12,357.135,384.302,393.66,451.677
35,13,205.711,472.59,257.209,606.736
35,15,898.295,401.86,933.317,506.611
35,16,568.17,391.958,590.011,450.938
35,18,620.035,394.34,644.701,479.878
35,32,474.688,382.983,506.297,462.883
35,43,259.875,349.307,1546.16,650.658
35,48,454.045,384.947,499.788,463.392
35,55,439.087,390.029,481.965,472.535
35,57,569.51,403.725,597.879,468.596
35,58,567.447,445.099,608.158,537.879
36,1,583.229,446.824,629.184,556.295
36,2,440.69,392.389,464.241,467.909
36,3,155.293,409.245,211.584,527.947
36,4,749.567,457.222,794.513,575.244
36,5,1279.51,462.224,1316.51,601.695
36,6,43.7119,360.792,751.58,552.497
36,7,52.3548,271.235,1272.39,703.665
36,8,86.3795,87.4804,1771.93,789.932
36,9,67.3425,371.526,1129.91,614.53
36,11,457.97,388.983,479.947,454.8
36,12,358.475,386.479,395.633,452.681
36,13,205.957,472.884,256.359,606.535
36,15,898.344,401.677,934.001,507.525
36,16,568.551,390.783,589.808,454.608
36,18,620.149,395.929,644.408,469.871
36,32,474.263,383.145,507.217,463.759
36,43,271.013,349.318,1565.61,651.99
36,48,447.288,386.139,495.68,470.581
36,58,571.292,444.999,606.815,540.046
36,59,298.406,524.406,311.504,535.665
36,60,481.986,286.574,1637.81,1024.54
37,1,583.698,443.839,636.28,549.606
37,2,440.741,391.425,465.064,468.729
37,3,159.985,407.752,211.895,527.278
37,4,748.389,451.928,792.559,577.303
37,5,1281.46,463.168,1313.99,602.827
37,6,11.8621,334.173,1102.46,543.173
37,7,51.0597,269.134,1278.15,693.655
37,8,79.6097,89.6106,1763.99,780.947
37,9,142.788,77.3834,1187.77,583.702
37,11,459.322,387.963,483.404,456.512
37,12,354.194,387.081,391.535,453.999
37,13,209.129,472.818,252.378,605.488
37,15,898.199,401.158,934.104,507.442
37,16,568.264,390.785,589.624,453.674
37,18,621.197,395.094,645.091,465.823
37,32,472.606,382.989,507.491,463.001
37,43,255.688,354.282,1559.67,649.01
37,48,445.737,386.972,494.333,470.821
37,58,567.745,444.774,596.089,539.153
37,61,559.404,435.143,612.549,536.5
38,1,588.574,443.294,635.769,549.711
38,2,440.721,391.312,464.504,468.161
38,3,167.355,404.512,211.797,526.355
38,4,747.262,454.186,791.548,577.895
38,5,1280.28,462.667,1315.52,603.991
38,6,47.6511,362.98,1104.56,589.998
38,7,52.3148,260.011,1283.27,701.749
38,8,98.2821,76.2009,1769.45,786.511
38,9,139.626,83.4626,1124.92,565.953
38,11,458.595,389.308,481.401,454.18
38,12,354.403,385.899,389.271,450.568
38,13,208.741,472.45,251.683,604.086
38,15,898.171,400.966,935.196,507.444
38,16,568.125,389.693,589.246,453.882
38,18,620.932,397.235,645.188,452.141
38,32,471.979,381.894,506.985,462.771
38,48,446.543,387.01,494.797,470.965
38,58,566.925,433.392,599.09,539.693
38,60,512.417,296.035,1641.94,1024.48
38,62,185.136,472.711,225.235,526.074
38,63,566.546,413.805,593.687,482.497
39,1,596.293,442.747,641.313,553.274
39,2,441.037,392.19,464.213,467.783
39,3,172.519,404.147,210.868,525.795
39,4,748.026,454.149,789.433,573.884
39,5,1281.0,462.315,1315.31,603.017
39,6,38.0665,365.894,1110.93,587.677
39,7,47.1965,257.511,1268.69,690.046
39,8,95.9022,80.7815,1765.8,784.753
39,11,459.972,389.482,482.504,456.186
39,12,352.031,385.352,385.515,449.347
39,13,209.905,473.981,257.227,604.646
39,15,898.251,401.152,934.148,507.197
39,16,568.216,390.209,589.73,451.947
39,18,620.684,397.035,644.801,451.597
39,32,471.816,382.705,506.912,463.95
39,43,288.541,352.715,1547.08,650.658
39,48,448.482,386.874,495.079,470.413
39,58,568.322,429.916,603.055,545.037
39,63,567.586,416.249,590.859,467.261
39,64,582.424,434.918,626.399,547.861
39,65,1294.17,464.705,1330.31,591.663
39,66,358.203,230.936,378.373,268.226
39,67,1307.34,479.792,1326.88,571.691
40,1,597.272,438.561,644.069,555.891
40,2,441.119,392.295,464.76,467.376
40,3,175.608,404.791,210.833,523.282
40,4,748.541,454.308,791.943,574.784
40,5,1280.74,462.565,1314.81,603.133
40,6,50.8181,367.924,1085.14,593.047
40,7,49.09,267.184,1241.44,689.398
40,8,61.7585,93.7482,1805.36,804.338
40,9,20.1798,342.266,1274.83,510.689
40,11,459.152,388.926,482.196,458.115
40,12,351.352,385.464,380.337,448.989
40,13,209.918,473.386,256.004,606.992
40,15,898.415,400.468,935.172,507.93
40,16,568.885,392.848,589.732,451.819
40,18,619.9,392.635,645.173,448.402
40,32,471.282,383.232,507.702,464.816
40,43,264.095,360.868,1559.56,650.908
40,48,449.631,386.429,494.895,470.415
40,58,570.087,433.801,608.061,546.955
40,64,582.579,432.89,630.406,548.194
40,66,357.695,230.817,378.858,268.2
40,68,353.487,385.469,398.4,460.806
40,69,264.89,231.547,283.23,255.352
41,1,602.993,439.665,649.41,552.587
41,2,442.379,391.441,466.04,472.025
41,3,180.455,403.031,212.901,521.878
41,4,747.77,452.977,788.83,573.676
41,5,1281.5,462.96,1314.75,601.797
41,6,34.5999,76.1076,1166.25,571.654
41,7,52.9585,277.108,1249.33,689.05
41,8,56.7911,90.7787,1806.12,803.391
41,9,13.8471,349.81,1144.62,540.113
41,11,459.329,388.008,483.321,457.946
41,12,351.28,386.746,382.022,452.108
41,13,210.783,472.743,256.844,607.109
41,15,899.096,402.052,935.487,508.971
41,16,568.829,393.952,590.008,453.229
41,18,620.119,389.382,645.677,449.43
41,32,471.255,384.774,507.388,463.66
41,43,519.215,402.203,1534.27,647.765
41,48,445.918,387.539,489.436,468.782
41,58,570.529,432.247,608.662,545.162
41,64,579.46,432.201,634.258,548.334
41,67,1306.71,482.781,1326.86,579.472
41,68,346.63,389.53,399.811,462.469
42,1,607.436,441.145,657.945,549.29
42,2,441.456,390.682,465.18,468.119
42,3,182.178,404.033,213.618,519.306
42,4,747.455,456.938,788.614,573.234
42,5,1280.57,462.746,1316.84,603.571
42,6,219.016,72.9431,1292.95,631.723
42,7,54.387,282.445,1244.08,695.028
42,8,65.3668,89.3138,1805.22,803.007
42,9,45.9609,340.057,1127.02,550.586
42,11,458.575,387.904,483.361,458.864
42,12,350.104,385.317,377.423,451.142
42,13,209.986,473.999,255.408,607.457
42,15,898.149,399.24,936.393,508.081
42,16,568.912,394.24,590.186,452.612
42,18,620.463,390.362,645.337,450.062
42,32,471.029,383.202,507.714,464.219
42,48,446.473,386.904,493.505,471.904
42,58,567.994,428.71,612.557,547.212
42,67,1309.29,505.114,1324.97,560.385
42,68,338.435,388.95,394.202,460.37
42,70,333.194,387.721,371.229,449.604
43,1,612.319,442.757,660.244,548.989
43,2,440.037,391.408,466.57,469.031
43,3,184.37,404.429,218.0,521.026
43,4,746.687,452.779,780.847,571.613
43,5,1281.12,463.909,1316.41,601.421
43,7,55.5886,278.963,1223.05,690.218
43,8,78.9526,92.7597,1801.15,805.924
43,9,37.6094,341.825,1135.02,558.278
43,11,459.711,387.185,492.062,459.818
43,12,348.989,384.578,375.8,451.337
43,13,211.881,474.407,256.758,609.153
43,15,898.579,399.08,936.333,507.513
43,16,569.309,394.306,590.017,450.297
43,18,621.071,391.955,645.362,448.802
43,32,468.439,384.83,509.422,464.416
43,43,251.454,351.178,1576.73,649.94
43,58,563.736,430.206,614.97,546.389
43,67,1309.92,504.921,1325.19,560.67
43,70,339.103,385.826,367.089,449.29
43,71,351.725,412.871,374.595,447.351
43,72,1308.0,483.942,1327.07,578.629
44,1,615.469,441.461,669.428,546.564
44,2,439.945,390.49,466.905,469.298
44,3,186.739,401.971,222.968,523.152
44,4,747.295,457.794,776.816,571.393
44,5,1281.17,463.217,1318.18,602.344
44,6,134.327,356.88,1369.16,593.418
44,7,52.0557,271.227,1226.56,691.996
44,8,71.5062,78.2329,1806.56,800.209
44,9,49.8745,368.007,822.868,548.878
44,11,456.672,387.578,483.08,454.887
44,12,347.774,385.417,374.084,449.237
44,13,211.77,476.073,257.954,607.916
44,15,899.041,402.066,935.622,509.071
44,16,570.023,394.512,590.381,449.194
44,18,621.001,392.735,645.309,448.053
44,32,469.336,383.737,507.38,463.054
44,43,479.15,378.61,1544.54,652.309
44,48,448.599,386.029,498.459,471.764
44,58,561.541,428.042,607.784,544.046
44,67,1310.1,506.137,1324.92,561.683
44,72,1308.44,489.866,1326.85,586.125
44,73,1401.69,588.639,1420.48,655.365
45,1,620.618,439.668,674.793,546.284
45,2,440.489,390.237,466.653,470.169
45,3,188.615,402.39,225.036,525.969
45,4,745.134,456.157,773.602,572.958
45,5,1282.24,464.491,1318.45,604.111
45,6,214.22,341.407,1383.38,563.404
45,7,53.8045,269.369,1213.17,690.117
45,8,57.3853,120.485,1770.35,740.762
45,9,48.8239,369.789,820.825,545.145
45,11,458.966,389.822,483.949,459.069
45,12,347.776,385.004,372.493,449.164
45,13,213.177,475.505,259.43,606.366
45,15,898.596,400.656,934.637,508.124
45,16,570.166,395.44,591.794,448.564
45,18,620.615,393.477,645.285,448.53
45,32,472.126,384.594,508.112,461.422
45,43,289.419,361.978,1453.47,725.831
45,48,442.746,390.015,490.739,473.257
45,58,561.61,426.495,607.042,545.115
45,72,1309.02,484.785,1327.35,588.775
45,73,1402.27,576.342,1422.92,653.033
45,74,1295.41,465.194,1331.84,605.285
45,75,79.4039,389.156,1133.55,604.094
46,1,622.273,441.131,674.84,546.185
46,2,440.805,389.67,467.667,470.803
46,3,192.084,403.116,226.011,525.968
46,4,744.178,455.075,772.966,572.51
46,5,1282.48,464.659,1319.42,602.784
46,6,116.936,351.825,1362.13,597.421
46,7,54.3541,267.799,1208.68,701.715
46,8,47.508,134.848,1774.52,775.133
46,9,18.6306,341.72,1058.59,524.141
46,11,456.012,388.24,483.225,457.822
46,12,346.849,386.324,372.963,452.42
46,13,212.465,474.216,261.202,607.268
46,15,898.9,400.572,936.154,507.742
46,16,569.948,393.996,590.893,426.341
46,18,621.701,392.376,646.575,449.203
46,32,470.502,382.01,507.192,463.739
46,48,443.529,388.075,491.341,472.711
46,58,562.047,425.99,606.273,545.217
46,72,1311.78,480.887,1326.91,577.485
46,74,1298.43,465.444,1332.31,602.619
46,75,134.194,70.1351,1255.95,583.855
47,1,624.273,442.157,679.554,544.155
47,2,441.786,390.617,467.385,471.752
47,3,194.483,404.473,226.054,527.026
47,4,742.945,455.99,772.759,570.389
47,5,1283.1,465.65,1319.62,601.282
47,6,97.1888,376.196,1138.0,597.513
47,7,59.8675,285.82,1207.69,702.93
47,8,60.7418,131.234,1759.42,740.212
47,9,56.7017,336.836,1296.73,520.714
47,11,456.242,387.27,482.821,458.274
47,12,346.337,384.266,372.374,452.247
47,13,212.777,475.191,262.224,606.158
47,15,899.099,402.667,936.601,509.245
47,16,571.001,394.434,591.026,423.928
47,18,622.649,391.314,646.011,444.827
47,32,470.511,384.278,508.872,463.754
47,43,492.112,379.679,1560.1,671.156
47,48,443.282,387.619,491.728,472.545
47,58,565.001,424.431,606.8,544.884
47,72,1309.79,476.987,1327.25,587.424
47,74,1304.34,466.555,1334.6,598.865
47,76,204.149,467.357,232.979,525.489
47,77,569.483,392.477,592.742,446.143
48,1,628.512,437.64,682.713,543.674
48,2,441.567,389.779,469.564,469.82
48,3,195.489,403.688,227.953,529.7
48,4,743.27,456.557,771.064,573.137
48,5,1282.55,465.597,1320.64,601.65
48,6,95.0784,373.696,1101.65,597.981
48,7,55.1885,273.398,1227.3,696.141
48,8,66.8867,79.4425,1803.05,805.777
48,9,59.8131,337.839,1273.1,516.965
48,11,454.172,389.644,482.679,461.467
48,12,343.729,383.752,370.988,454.548
48,13,214.074,475.03,263.886,606.419
48,15,899.078,403.648,936.734,508.874
48,18,622.741,394.514,648.842,450.17
48,32,466.37,382.754,508.424,464.498
48,43,290.347,344.774,1565.77,664.024
48,58,567.535,424.047,605.968,545.368
48,72,1311.6,487.465,1324.82,572.014
48,77,569.624,395.402,592.37,445.2
48,78,848.747,362.273,1507.55,751.929
48,79,1315.92,450.121,1330.18,494.623
49,1,631.589,444.599,685.588,544.617
49,2,441.37,390.74,470.391,472.294
49,3,198.294,401.964,229.813,528.934
49,4,741.639,457.282,769.719,579.133
49,5,1283.28,464.626,1321.04,602.122
49,6,93.2595,373.956,1142.13,600.116
49,7,56.2488,274.126,1237.28,702.051
49,8,91.5521,70.9991,1774.6,783.613
49,9,92.4484,341.235,1290.96,514.103
49,11,453.495,388.588,483.373,458.983
49,12,343.671,383.474,368.817,452.504
49,13,215.214,474.761,268.399,606.677
49,15,898.788,401.392,937.219,507.397
49,16,571.129,397.174,590.123,426.076
49,18,623.544,393.038,649.006,456.021
49,32,463.3,382.698,508.363,467.64
49,43,311.0,339.841,1573.36,655.83
49,58,565.676,421.577,606.507,549.321
49,72,1312.4,487.9,1324.0,564.699
49,74,1310.91,472.631,1327.79,588.75
49,78,498.906,272.983,1637.86,1017.32
49,79,1315.92,451.66,1329.12,495.508
49,80,151.231,69.1911,1251.18,584.51
49,81,623.103,397.374,640.223,437.099
49,82,47.7216,364.681,822.98,543.308
50,1,633.011,441.635,689.732,543.697
50,2,441.347,390.402,471.336,472.523
50,3,198.844,400.608,233.484,528.032
50,4,737.908,455.708,768.054,579.082
50,5,1284.73,465.419,1319.33,599.365
50,6,97.8641,373.325,1164.13,597.052
50,7,60.1471,251.678,1342.01,644.368
50,8,55.7149,119.258,1788.77,791.905
50,11,452.742,385.066,492.997,461.635
50,12,342.155,385.666,367.434,451.418
50,13,216.387,473.19,272.906,607.655
50,15,898.255,401.916,936.227,508.17
50,16,570.736,396.275,590.916,423.438
50,18,622.961,391.331,646.723,449.585
50,32,465.787,384.018,509.862,464.235
50,58,565.288,420.852,607.768,545.673
50,74,1308.59,469.069,1328.1,588.841
50,77,569.777,395.904,593.457,443.77
50,82,48.8025,366.01,806.121,543.549
50,83,347.842,410.092,368.084,446.545
51,1,636.587,436.777,688.451,544.649
51,2,441.659,391.307,469.8,471.563
51,3,200.259,403.281,234.34,529.645
51,4,737.377,457.441,767.632,581.614
51,5,1282.12,465.625,1321.37,602.408
51,6,101.699,379.058,1168.16,596.632
51,7,61.4056,275.13,1222.74,699.477
51,8,69.8062,122.964,1783.49,789.839
51,11,444.356,387.523,491.957,473.51
51,12,341.462,383.605,366.306,449.116
51,13,217.226,471.671,274.447,607.874
51,15,898.612,404.365,936.797,509.518
51,16,571.437,398.263,591.2,425.95
51,18,623.969,392.47,648.25,448.046
51,32,462.464,384.003,509.321,468.207
51,58,566.238,423.302,607.517,546.803
51,74,1310.02,469.413,1329.54,593.766
51,80,185.855,68.1771,1305.53,623.305
51,84,631.661,433.077,655.787,487.469
51,85,202.668,453.525,253.642,579.066
52,1,639.28,440.824,689.88,541.849
52,2,442.094,391.6,468.281,471.845
52,3,202.51,401.038,239.105,527.767
52,4,736.482,460.362,765.669,579.839
52,5,1282.1,465.794,1322.8,603.439
52,6,105.897,375.511,1156.28,595.714
52,7,58.6064,282.055,1211.72,698.519
52,8,60.2783,138.179,1788.38,781.049
52,11,457.278,397.115,481.602,453.359
52,12,339.22,383.143,369.2,457.401
52,13,216.809,471.057,279.957,608.714
52,15,898.696,404.344,937.054,509.234
52,16,570.543,398.343,590.622,429.298
52,18,624.337,393.515,647.895,449.68
52,32,461.888,384.549,509.141,467.484
52,43,232.421,356.644,1580.77,654.749
52,58,566.463,423.093,605.151,547.946
52,74,1306.04,467.225,1329.65,597.341
52,80,137.349,82.635,1128.77,561.698
52,82,48.5494,364.582,815.116,541.068
52,84,633.881,435.641,656.584,498.18
52,85,203.812,441.904,266.269,579.785
52,86,70.8712,340.23,1268.13,510.48
52,87,635.053,437.186,672.243,522.921
53,1,644.031,439.344,692.293,544.914
53,2,442.405,392.793,468.905,471.293
53,3,203.645,401.958,241.781,526.359
53,4,735.703,461.384,765.719,579.91
53,5,1282.17,467.021,1323.35,602.008
53,6,111.04,375.46,1160.67,593.316
53,7,60.4175,280.079,1210.22,697.792
53,8,58.1992,145.641,1782.31,771.006
53,11,453.379,391.109,481.626,462.206
53,12,337.67,382.443,367.585,453.007
53,13,216.698,469.941,284.239,609.213
53,15,898.735,403.405,936.835,508.791
53,16,571.948,397.95,590.46,425.59
53,18,624.721,394.791,648.489,457.126
53,32,465.223,382.95,508.913,464.722
53,43,253.101,354.153,1550.54,650.34
53,58,568.227,422.997,606.876,546.921
53,77,569.894,396.425,593.036,442.782
53,80,145.642,78.4682,1242.29,600.939
53,82,39.2131,355.172,752.264,555.293
53,84,633.309,434.81,654.922,480.579
53,85,203.291,429.85,265.11,570.217
53,88,447.435,386.376,495.955,472.722
54,1,644.528,436.515,691.871,543.384
54,2,442.571,391.673,469.396,472.415
54,3,204.485,401.227,245.557,523.991
54,4,735.214,460.246,765.635,580.706
54,5,1281.73,466.716,1322.37,603.463
54,6,114.96,380.506,1146.12,603.481
54,7,59.6303,280.454,1210.31,698.406
54,8,82.5928,82.4162,1807.02,811.612
54,11,455.942,391.852,480.279,460.369
54,12,336.846,381.789,366.995,455.553
54,13,217.141,472.049,285.873,609.065
54,15,898.79,401.648,934.602,507.771
54,16,570.175,398.76,590.662,429.614
54,18,624.367,393.528,648.206,453.71
54,32,466.846,384.298,508.1,462.551
54,43,307.942,345.053,1537.15,657.037
54,58,566.845,419.619,605.442,551.635
54,82,54.4682,359.511,848.022,555.201
54,84,632.201,442.531,651.435,474.904
54,85,206.503,460.311,269.086,536.332
54,87,639.167,434.661,664.199,481.177
55,1,647.434,434.405,692.473,541.729
55,2,442.415,391.645,468.693,471.961
55,3,204.541,402.907,247.406,524.411
55,4,734.925,462.797,764.319,579.243
55,5,1280.96,465.913,1324.02,602.875
55,6,127.607,373.873,1165.72,585.688
55,7,59.9501,277.966,1218.6,697.276
55,8,76.1009,83.2586,1803.64,800.707
55,11,456.637,392.669,481.335,467.434
55,12,337.02,381.086,368.794,467.229
55,13,216.459,472.171,287.354,608.199
55,15,898.775,401.318,934.163,507.723
55,16,570.512,396.84,590.381,433.064
55,18,627.644,398.854,649.06,466.098
55,32,463.984,384.561,511.555,466.697
55,43,486.06,377.827,1559.41,670.143
55,58,570.365,423.604,606.366,548.28
55,80,142.237,79.7661,1165.68,590.385
55,82,40.4738,359.758,753.084,554.62
55,84,632.168,443.447,654.563,475.876
55,85,205.987,461.359,265.972,539.677
55,87,638.22,435.526,664.295,477.134
55,89,733.699,531.06,759.627,580.177
55,90,1319.73,446.889,1329.92,467.57
56,1,649.047,432.628,697.986,545.511
56,2,442.372,391.096,468.41,470.965
56,3,204.772,404.592,249.467,522.063
56,4,735.444,464.52,764.903,575.601
56,5,1282.11,466.536,1323.71,604.139
56,6,112.116,379.087,1138.62,599.592
56,7,57.741,286.408,1226.87,705.748
56,8,51.8912,145.99,1781.72,786.618
56,11,461.279,404.191,482.102,468.854
56,12,335.62,379.723,366.941,467.705
56,13,219.304,471.877,284.862,607.248
56,15,899.558,400.87,937.168,510.5
56,16,571.085,398.542,591.078,441.188
56,18,627.184,395.537,650.301,469.994
56,32,469.595,386.494,508.574,465.293
56,43,489.177,378.177,1546.53,672.606
56,58,570.802,423.248,607.227,549.432
56,80,182.748,72.3613,1284.58,622.013
56,82,39.4609,361.204,764.468,551.146
56,84,631.597,426.004,653.896,474.16
56,85,206.138,447.65,265.008,571.861
56,89,735.16,541.364,759.743,581.195
56,91,208.196,464.67,255.22,523.657
56,92,449.47,386.626,491.54,467.143
56,93,37.9556,346.982,1326.98,521.58
57,1,649.533,431.935,698.144,543.973
57,2,442.593,389.676,469.712,471.245
57,3,202.528,403.267,251.849,523.164
57,4,734.316,465.881,764.11,574.38
57,5,1281.44,466.503,1323.99,604.687
57,6,109.111,375.962,1138.88,599.729
57,7,60.1447,283.801,1237.8,708.738
57,8,81.5365,82.7664,1801.19,802.977
57,11,457.923,394.295,479.523,464.047
57,12,334.513,380.77,366.652,466.762
57,13,221.622,473.405,281.36,607.134
57,15,898.622,401.814,935.833,507.809
57,16,570.373,397.959,592.42,447.297
57,18,627.524,397.936,652.444,472.555
57,32,467.861,384.906,508.379,464.731
57,43,480.061,359.454,1549.84,681.187
57,58,570.494,428.12,608.309,550.229
57,82,38.9876,360.057,759.523,549.884
57,84,631.417,430.236,653.991,474.172
57,89,732.859,537.498,756.552,584.753
57,91,205.377,448.971,263.769,526.939
57,92,453.388,385.554,494.938,465.038
57,93,58.1219,341.644,1292.12,520.057
57,94,245.172,482.702,287.672,597.949
57,95,361.897,229.556,378.79,251.922
58,1,646.287,429.589,700.022,546.109
58,2,442.579,388.887,469.205,471.598
58,3,202.709,402.207,252.413,525.02
58,4,734.327,464.864,765.014,554.575
58,5,1281.69,466.967,1324.08,604.169
58,6,117.375,374.041,1145.76,589.199
58,7,61.4638,274.297,1218.16,706.265
58,8,69.0819,119.885,1759.47,759.25
58,11,458.008,390.659,478.325,463.893
58,12,333.767,381.765,365.64,465.49
58,13,223.24,471.263,289.087,605.385
58,15,899.468,399.312,937.308,509.521
58,16,570.372,394.762,590.162,448.653
58,18,628.477,399.811,650.606,469.997
58,32,470.027,385.035,508.366,465.468
58,43,500.412,396.31,1522.09,668.3
58,58,570.299,431.927,607.894,552.151
58,85,214.797,471.84,274.03,563.604
58,89,732.034,547.487,758.451,579.26
58,91,207.308,453.596,260.879,522.063
58,92,449.888,385.675,489.789,465.981
58,95,362.518,231.54,379.461,266.543
58,96,729.618,508.053,758.705,580.405
59,1,651.7,431.214,701.882,542.513
59,2,442.998,389.561,469.107,471.509
59,3,207.839,401.917,254.504,517.985
59,4,731.11,468.893,761.967,583.084
59,5,1281.37,468.05,1324.65,604.143
59,6,108.77,376.398,1126.22,602.901
59,7,61.9626,271.958,1241.35,707.487
59,8,61.3364,127.695,1773.26,785.732
59,11,454.177,389.032,479.499,467.542
59,12,334.361,382.408,365.453,462.339
59,13,220.096,469.046,284.389,606.959
59,15,898.52,400.627,935.084,508.151
59,16,569.97,395.427,589.683,449.547
59,18,627.932,400.805,650.813,466.294
59,32,468.677,384.951,508.613,464.443
59,43,467.742,361.088,1486.67,695.219
59,58,570.162,435.179,608.976,552.43
59,85,215.859,426.401,277.473,568.823
59,91,207.743,453.808,263.439,524.174
59,92,460.166,386.894,492.808,462.706
59,93,51.4345,337.349,1282.6,518.686
59,95,362.766,231.726,381.249,268.139
59,96,731.269,529.682,756.138,584.122
60,1,650.907,430.866,702.956,538.882
60,2,443.184,388.749,467.813,468.911
60,3,210.03,401.984,255.841,516.831
60,4,729.572,467.842,764.194,576.288
60,5,1283.83,468.729,1324.48,602.249
60,6,110.06,374.334,1099.7,603.315
60,7,63.5113,278.19,1217.49,714.338
60,8,76.0461,94.3734,1799.68,813.215
60,11,451.735,387.701,478.997,467.587
60,12,334.393,382.15,364.355,461.679
60,13,219.249,465.557,289.906,605.36
60,15,898.574,400.075,934.808,508.744
60,16,569.616,394.97,590.416,448.585
60,18,627.349,399.659,650.945,466.461
60,32,469.555,383.162,508.273,465.365
60,43,481.618,370.698,1563.91,685.24
60,58,569.146,430.192,612.093,554.982
60,85,216.506,412.045,279.163,538.282
60,89,733.629,549.11,757.8,579.758
60,91,215.312,462.084,278.585,518.312
60,92,459.999,386.093,490.586,464.196
60,97,248.292,471.236,278.626,516.305
60,98,481.58,267.195,1595.22,1021.99
61,1,655.523,430.152,703.077,537.194
61,2,442.43,388.945,466.108,470.188
61,3,222.759,401.974,255.891,499.161
61,4,732.559,472.919,764.997,574.732
61,5,1282.22,467.989,1325.42,603.442
61,6,158.585,360.7,1114.22,598.017
61,7,63.2964,271.341,1212.54,709.327
61,8,65.2672,127.147,1781.83,789.257
61,11,453.692,390.577,477.17,466.172
61,12,331.686,382.909,364.062,462.773
61,13,220.246,465.226,289.829,605.428
61,15,899.427,400.362,937.916,509.776
61,16,569.265,394.345,590.163,449.295
61,18,628.485,398.226,651.599,467.772
61,32,469.383,383.769,508.959,465.257
61,43,259.889,343.758,1591.26,667.452
61,58,567.379,433.914,613.811,555.978
61,85,210.435,433.492,275.189,517.331
61,89,730.259,545.552,748.928,581.307
61,91,221.233,464.088,279.122,531.184
61,92,460.096,385.859,492.116,465.302
61,96,730.802,508.969,758.944,584.308
61,97,244.589,464.408,278.352,517.164
61,99,1320.41,446.852,1330.77,471.606
61,100,1402.44,581.095,1420.46,655.287
62,1,655.979,430.483,705.159,535.277
62,2,442.977,389.735,465.12,469.505
62,3,226.541,402.503,257.854,498.479
62,4,729.495,472.521,764.028,582.075
62,5,1282.25,467.048,1325.07,604.55
62,6,178.016,360.387,1158.28,607.005
62,7,67.7855,276.182,1223.47,717.825
62,8,75.8145,78.4792,1804.35,804.651
62,12,335.44,383.874,365.147,465.208
62,13,222.78,467.515,288.127,606.463
62,15,898.829,400.346,935.628,507.407
62,16,569.269,394.156,589.628,453.436
62,18,626.602,398.517,652.198,465.29
62,32,471.102,384.109,506.498,465.559
62,43,443.746,344.151,1554.31,652.06
62,58,568.977,439.654,613.768,556.594
62,85,220.699,408.172,266.866,532.829
62,91,229.565,461.311,280.612,521.567
62,92,459.992,388.58,485.007,465.73
62,97,253.741,468.049,279.408,519.343
62,99,1319.37,448.31,1329.96,474.127
62,101,638.274,426.377,665.331,473.169
63,1,656.932,428.003,706.703,530.128
63,2,441.816,387.496,466.064,472.969
63,3,230.867,403.584,258.6,481.823
63,4,729.837,473.036,762.354,583.689
63,5,1284.96,466.754,1324.8,604.424
63,6,181.537,359.863,1143.61,600.408
63,7,70.1047,282.49,1221.59,714.853
63,8,108.096,82.8656,1772.55,785.653
63,11,447.014,386.901,490.731,474.326
63,12,332.317,381.112,363.743,469.083
63,13,220.191,462.094,289.079,606.322
63,15,899.56,400.798,938.353,508.763
63,16,569.142,394.554,589.732,455.064
63,18,629.109,402.079,652.268,468.991
63,32,471.068,384.451,509.727,466.041
63,43,492.641,393.476,1536.67,674.208
63,58,572.783,446.991,611.211,557.608
63,85,217.011,402.315,258.359,512.833
63,91,218.127,442.614,280.989,522.299
63,92,458.353,390.622,481.345,468.051
63,97,249.314,464.248,278.906,517.285
63,102,682.662,485.058,709.733,529.375
63,103,223.628,74.1484,1297.21,631.188
64,1,661.865,426.402,708.518,528.573
64,2,442.007,388.305,468.169,472.013
64,3,232.303,403.524,261.915,492.962
64,4,729.576,473.225,764.081,581.859
64,5,1289.96,466.62,1324.48,602.966
64,6,153.561,369.048,1166.13,592.693
64,7,67.0453,279.923,1212.46,706.978
64,8,104.668,88.6696,1763.01,779.853
64,11,448.629,384.604,493.544,474.437
64,12,331.169,380.661,362.919,467.947
64,13,228.097,465.187,288.595,606.957
64,15,899.19,399.77,935.256,507.675
64,16,568.959,394.518,589.481,455.803
64,18,629.721,400.713,653.01,469.012
64,32,467.488,383.755,509.163,466.463
64,43,409.123,339.25,1533.64,658.51
64,58,572.581,446.505,612.369,559.06
64,91,231.236,407.724,278.79,538.78
64,92,458.597,391.843,480.663,468.64
64,97,251.116,464.483,278.677,514.216
64,99,1314.55,454.308,1330.0,493.659
64,103,222.381,67.0993,1309.14,609.375
64,104,730.431,548.951,752.527,581.246
64,105,39.3945,360.939,758.563,550.582
64,106,1299.39,462.885,1323.92,495.746
65,1,665.37,426.298,710.826,525.344
65,2,441.844,389.024,467.713,471.05
65,3,235.078,402.664,265.15,488.302
65,4,729.657,473.5,762.869,579.609
65,5,1287.74,466.122,1325.35,604.662
65,6,142.696,366.198,1136.18,593.37
65,7,65.9521,278.513,1209.0,714.302
65,8,74.8074,84.9366,1795.01,789.231
65,12,331.537,380.631,362.576,468.112
65,13,228.805,468.425,287.146,605.815
65,15,899.089,400.114,934.791,507.059
65,16,569.257,394.841,589.504,457.496
65,18,629.033,401.435,652.432,468.851
65,32,465.387,382.193,509.934,466.831
65,43,520.783,391.367,1530.61,644.892
65,58,572.209,451.656,614.946,565.705
65,91,226.189,406.161,277.056,515.354
65,92,458.546,392.647,480.809,465.131
65,107,1320.59,442.401,1329.59,463.629
66,1,663.036,424.008,711.194,513.743
66,2,441.803,389.648,467.751,472.397
66,3,238.391,400.9,271.675,493.713
66,4,726.799,472.862,764.241,581.597
66,5,1291.78,466.316,1324.36,600.819
66,6,156.074,368.322,1152.86,591.227
66,7,71.3536,286.49,1201.78,712.599
66,8,77.2792,117.05,1752.45,754.136
66,12,331.012,380.935,361.602,468.969
66,13,232.649,468.2,286.037,604.184
66,15,898.929,399.883,935.548,506.955
66,16,569.578,394.201,589.55,458.054
66,18,629.376,401.972,652.882,465.717
66,32,467.712,383.608,508.547,465.377
66,58,572.259,447.457,617.247,568.97
66,91,232.78,433.388,274.253,559.763
66,92,459.584,393.381,481.114,467.965
66,97,254.896,474.531,278.965,513.454
66,103,136.314,81.4679,1213.33,614.639
66,106,1302.95,461.231,1326.52,498.17
67,1,670.754,423.794,715.626,519.134
67,2,442.097,390.346,468.451,472.843
67,3,239.007,399.737,273.812,492.603
67,4,728.839,473.426,764.682,584.116
67,5,1292.14,466.798,1324.43,601.724
67,6,127.592,366.128,1127.96,595.883
67,7,66.7857,266.385,1212.63,710.391
67,8,59.1379,81.4498,1806.0,801.199
67,11,446.98,385.638,492.35,474.514
67,12,330.339,380.403,361.452,467.918
67,13,233.927,466.467,284.257,604.104
67,15,898.981,400.837,936.532,508.692
67,16,569.27,392.807,589.843,458.647
67,18,629.284,402.631,652.737,467.465
67,32,468.287,383.542,508.589,464.335
67,43,268.004,344.978,1538.36,648.732
67,58,572.85,448.452,617.446,568.753
67,91,237.271,403.337,282.185,556.282
67,92,458.363,394.997,480.511,468.343
67,97,240.459,450.541,279.263,511.778
67,108,44.6129,365.903,806.687,537.608
68,1,673.749,426.097,715.867,514.271
68,2,441.728,390.298,469.759,473.458
68,3,241.606,398.867,276.052,498.328
68,4,726.617,475.599,762.321,583.918
68,5,1293.31,465.791,1324.61,604.021
68,6,140.133,365.277,1138.66,596.298
68,7,68.7053,274.459,1224.27,717.459
68,8,71.769,119.613,1766.84,758.396
68,12,330.164,380.503,360.39,469.466
68,13,236.5,463.766,285.386,605.571
68,15,899.652,401.581,937.587,506.874
68,16,570.026,395.917,590.891,459.569
68,18,629.07,403.533,653.737,451.709
68,32,468.417,382.771,509.368,467.368
68,43,255.981,339.055,1538.93,646.627
68,58,573.263,448.357,616.645,571.397
68,92,457.473,393.408,481.324,468.841
68,97,243.165,443.921,278.009,510.371
68,109,254.154,465.909,277.61,512.963
68,110,680.878,485.3,697.685,523.185
68,111,680.197,462.221,702.251,520.333
69,1,672.49,423.886,716.917,514.622
69,2,441.625,389.321,469.433,473.612
69,3,242.569,397.321,275.305,495.505
69,4,724.689,475.102,761.224,584.42
69,5,1293.81,466.206,1324.99,603.323
69,6,153.005,363.778,1135.76,595.039
69,7,68.7728,276.3,1222.09,709.239
69,8,75.8777,75.3563,1802.12,796.14
69,12,328.539,379.037,358.586,470.581
69,13,236.55,466.265,284.226,604.872
69,15,899.831,400.379,937.729,508.081
69,16,569.767,394.945,591.165,459.313
69,18,629.778,403.099,653.801,466.517
69,32,469.416,383.022,509.29,466.854
69,43,464.076,369.588,1565.53,665.152
69,58,573.126,449.516,614.963,572.167
69,91,242.377,410.535,289.969,570.094
69,92,457.971,391.498,480.415,467.156
69,109,250.785,456.255,276.805,512.811
69,112,568.169,427.094,587.997,468.319
69,113,715.314,468.857,744.909,520.512
70,1,677.536,425.429,720.711,512.7
70,2,442.104,390.744,469.833,473.309
70,3,243.765,397.932,279.403,495.769
70,4,726.985,474.684,761.86,583.081
70,5,1294.19,466.72,1325.43,602.272
70,6,155.504,365.484,1129.51,597.238
70,7,71.8671,281.568,1212.44,704.907
70,8,83.1109,79.8263,1800.72,806.83
70,12,327.996,378.419,357.798,471.017
70,13,236.764,466.416,284.553,605.913
70,15,900.186,400.284,938.32,508.57
70,16,570.007,393.578,590.207,455.664
70,18,629.985,402.767,653.691,464.22
70,32,471.561,383.218,509.035,466.704
70,43,482.647,381.544,1546.85,664.407
70,58,573.317,450.775,616.331,571.615
70,92,455.21,392.767,479.899,468.007
70,109,250.552,462.981,278.736,511.602
70,113,721.747,471.933,746.155,511.331
71,1,679.991,424.534,723.124,513.893
71,2,441.667,389.616,469.662,472.959
71,3,244.917,399.307,285.052,505.823
71,4,724.383,472.247,760.327,579.39
71,5,1294.34,465.524,1325.1,603.643
71,6,172.786,366.535,1165.68,592.444
71,7,72.5394,280.169,1216.71,704.317
71,8,72.6265,126.918,1752.97,751.097
71,12,330.675,379.1,359.475,471.373
71,13,237.432,468.725,287.165,607.176
71,15,900.105,400.333,939.045,508.304
71,16,571.071,394.982,590.321,454.666
71,18,630.216,402.151,653.949,457.525
71,32,470.693,383.166,509.236,466.228
71,43,439.584,390.599,1553.93,668.703
71,58,573.908,451.681,619.028,572.378
71,92,455.622,390.254,479.764,466.445
71,109,251.224,454.636,283.453,511.34
71,114,43.6941,366.87,829.61,538.93
72,1,682.823,425.74,727.037,514.609
72,2,441.832,390.232,470.716,473.076
72,3,248.194,401.015,283.183,484.43
72,4,722.342,471.893,759.524,585.397
72,5,1294.97,467.231,1325.12,603.642
72,6,157.312,364.378,1151.46,593.754
72,7,71.2366,288.024,1224.3,707.735
72,8,101.158,77.2086,1771.61,787.496
72,12,327.957,377.94,357.996,470.925
72,13,237.049,467.736,288.177,606.191
72,15,900.117,400.698,938.786,508.216
72,16,569.99,393.903,590.396,455.185
72,18,632.856,405.839,655.181,473.475
72,32,468.523,383.268,508.843,466.605
72,43,484.409,381.653,1527.89,660.968
72,58,573.968,453.323,616.585,568.797
72,92,454.078,389.256,480.069,466.997
72,109,263.38,458.525,286.684,512.903
72,115,153.302,70.0966,1263.55,611.341
72,116,246.491,425.382,287.681,507.329
73,1,684.019,426.716,726.305,514.758
73,2,441.432,390.538,470.424,472.204
73,4,723.727,471.545,759.054,585.672
73,5,1294.83,466.72,1325.04,603.999
73,6,155.048,358.969,1145.89,599.0
73,7,68.3114,286.792,1229.48,716.0
73,8,78.9381,87.6255,1797.19,806.501
73,12,327.594,376.122,357.743,471.597
73,13,237.86,470.133,289.818,607.385
73,15,900.597,400.952,936.409,507.836
73,16,570.212,393.606,590.267,454.011
73,18,632.416,404.998,655.364,470.361
73,32,467.963,381.703,508.802,466.655
73,43,472.249,374.597,1530.97,649.923
73,58,574.344,458.158,617.193,565.312
73,92,454.741,390.409,480.757,464.669
73,109,263.938,458.167,289.35,512.409
73,115,217.738,65.0069,1302.12,620.055
73,116,247.085,398.035,289.578,510.115
73,117,718.903,470.551,746.142,506.034
73,118,732.508,486.532,760.751,562.529
73,119,682.636,487.639,701.491,517.951
73,120,575.607,453.929,606.643,532.376
73,121,576.697,443.708,599.131,483.739
73,122,44.4252,367.728,826.493,539.023
74,1,683.864,428.306,725.629,516.19
74,2,441.091,390.943,470.814,473.292
74,4,721.193,469.958,758.626,583.265
74,5,1294.58,467.287,1325.3,605.439
74,6,170.273,361.158,1165.79,594.961
74,7,73.0725,288.597,1206.78,712.655
74,8,61.0573,155.685,1759.61,729.085
74,12,329.285,377.551,359.142,471.639
74,13,239.695,473.792,289.831,608.656
74,15,899.804,398.813,939.262,508.184
74,16,570.131,394.465,590.177,455.314
74,18,630.11,401.485,655.052,483.821
74,32,469.97,383.374,509.277,466.845
74,43,394.589,321.076,1518.11,619.972
74,58,574.443,461.35,620.711,570.03
74,92,456.365,393.399,480.905,463.129
74,109,268.123,429.273,292.329,513.36
74,116,249.927,398.619,294.303,512.487
74,121,570.417,446.715,597.091,486.275
74,123,1403.04,585.978,1420.48,654.296
75,1,683.116,428.842,731.359,517.152
75,2,440.873,390.972,469.831,472.524
75,4,726.45,474.149,759.218,580.263
75,5,1294.53,467.935,1325.02,605.468
75,6,157.59,360.998,1161.11,591.5
75,7,73.1437,286.473,1219.86,715.044
75,8,110.597,46.122,1845.84,768.546
75,12,327.036,378.757,358.369,471.096
75,13,240.546,474.085,289.843,609.105
75,15,899.624,398.88,938.919,508.924
75,16,570.879,394.797,589.696,456.385
75,18,630.574,401.42,655.795,473.715
75,32,470.276,383.058,508.906,466.974
75,43,38.0797,270.547,1603.56,904.31
75,58,574.2,459.985,633.109,570.614
75,92,457.44,392.954,481.018,460.95
75,116,254.758,397.246,296.093,514.463
75,119,683.246,486.299,704.016,516.604
76,1,682.451,430.059,734.154,519.574
76,2,440.818,390.049,470.203,472.435
76,4,726.019,471.069,759.423,580.767
76,5,1294.91,467.497,1324.89,605.646
76,6,197.481,356.155,1148.64,595.478
76,7,73.0699,290.557,1209.64,706.921
76,8,76.7277,118.08,1765.54,755.268
76,12,327.669,377.547,356.733,470.69
76,13,242.026,473.322,289.096,610.379
76,15,899.739,399.121,939.438,508.855
76,16,570.59,395.666,590.333,455.796
76,18,630.67,398.414,655.845,465.894
76,32,468.757,382.426,509.632,466.996
76,58,572.677,458.648,639.932,570.536
76,92,457.777,394.939,482.612,461.324
76,115,196.404,65.1633,1314.1,614.805
76,116,255.697,399.367,303.699,515.331
76,124,246.455,462.918,280.018,516.012
76,125,489.243,387.631,1537.9,665.81
76,126,446.25,385.06,494.785,473.715
77,1,684.574,429.676,735.239,511.201
77,2,440.384,390.691,469.9,471.991
77,4,725.92,468.318,759.505,579.773
77,5,1295.19,467.83,1324.61,604.677
77,6,182.547,366.91,1150.28,592.594
77,7,77.2509,286.934,1191.84,706.523
77,8,77.1153,110.418,1758.61,748.966
77,12,327.313,378.152,356.782,471.61
77,13,243.237,473.979,291.987,609.68
77,15,899.704,398.964,939.052,509.674
77,16,571.103,394.931,589.855,454.91
77,18,631.151,401.138,655.662,468.738
77,32,467.314,382.275,508.927,466.291
77,58,573.709,461.78,634.158,571.212
77,92,458.688,396.362,481.754,461.696
77,115,211.128,60.3754,1312.67,604.601
77,116,257.55,399.433,307.057,516.0
77,125,249.282,350.114,1544.42,652.977
78,1,685.147,429.272,734.18,518.402
78,2,441.135,391.189,469.145,471.876
78,4,727.055,467.868,760.604,578.729
78,5,1295.33,467.229,1324.66,603.816
78,6,204.743,360.221,1143.61,600.505
78,7,76.2784,290.446,1220.48,707.837
78,8,52.3262,166.392,1784.26,765.206
78,12,324.936,379.114,359.716,470.761
78,13,243.634,475.403,294.915,607.991
78,15,899.655,399.333,939.604,509.67
78,16,570.674,395.337,590.113,454.924
78,18,630.649,399.606,656.658,470.538
78,32,465.717,384.071,508.178,465.102
78,58,574.12,462.227,630.663,572.1
78,92,458.933,395.219,482.209,462.206
78,116,261.42,399.577,315.667,517.31
78,125,462.481,380.721,1560.59,669.396
78,126,444.919,386.555,491.396,474.863
79,1,686.951,427.308,737.39,516.508
79,2,440.284,388.715,466.76,472.481
79,4,728.613,471.464,761.177,577.017
79,5,1295.01,467.773,1324.85,605.867
79,6,177.034,372.943,1108.76,623.49
79,7,77.8143,284.532,1211.12,715.613
79,8,71.2967,110.46,1762.24,762.499
79,12,327.543,379.14,357.747,469.635
79,13,245.077,471.585,296.533,607.285
79,15,898.777,398.462,939.235,508.235
79,16,571.362,393.365,590.144,452.74
79,18,632.402,397.904,657.435,466.361
79,32,464.514,385.798,506.874,468.961
79,58,573.824,465.443,626.064,576.539
79,116,262.618,402.256,321.212,517.109
79,125,419.27,362.551,1574.5,668.714
79,126,444.937,385.497,491.05,474.32
79,127,576.901,462.617,606.107,498.906
79,128,722.482,468.259,751.548,511.206
79,129,697.584,468.98,754.68,571.967
79,130,252.345,431.123,316.293,569.479
80,1,692.557,427.928,739.063,515.58
80,2,440.357,388.577,467.579,470.218
80,4,729.236,468.688,761.119,576.764
80,5,1295.09,467.825,1325.05,605.227
80,6,176.399,365.645,1098.94,604.81
80,7,73.8971,278.701,1232.56,713.933
80,8,93.7629,74.1063,1767.86,789.284
80,12,327.422,378.983,358.523,470.187
80,13,246.679,471.774,298.621,607.829
80,15,898.97,398.82,938.778,508.223
80,16,571.864,394.093,590.294,451.209
80,18,632.565,398.804,658.309,470.463
80,32,465.64,383.766,509.286,465.952
80,58,575.899,466.431,616.453,579.664
80,92,456.688,389.058,481.588,461.139
80,116,263.311,400.894,325.177,518.124
80,125,286.231,345.914,1529.68,656.42
80,126,444.778,385.581,491.851,473.084
80,127,578.936,462.655,606.372,496.076
80,128,721.727,464.827,748.852,511.823
80,129,700.004,469.161,756.201,570.153
80,131,731.543,516.088,753.325,571.538
80,132,353.97,230.182,379.039,252.587
81,1,690.87,427.365,740.815,513.266
81,2,441.305,391.52,468.78,468.43
81,4,727.435,472.797,761.805,577.4
81,5,1295.22,467.788,1325.11,605.036
81,6,180.626,367.483,1123.8,597.299
81,7,72.8027,277.796,1227.79,714.437
81,8,75.7945,96.2168,1801.33,808.793
81,12,326.914,378.314,361.174,470.971
81,13,247.419,471.399,300.628,607.515
81,15,898.742,398.955,935.752,506.806
81,16,571.193,392.638,590.584,452.585
81,18,632.831,400.189,660.179,475.507
81,32,468.558,383.547,505.815,461.739
81,58,576.125,466.741,621.065,583.313
81,92,454.163,389.455,480.019,460.818
81,116,264.875,399.158,330.359,516.235
81,125,294.279,343.065,1525.21,651.407
81,126,444.648,385.808,490.899,472.595
81,129,704.167,463.987,751.965,554.005
81,132,355.274,230.458,378.369,250.369
81,133,265.919,232.207,283.168,256.484
81,134,297.33,234.701,316.313,252.216
81,135,149.286,67.1639,1265.03,586.693
82,1,693.245,425.95,741.389,515.834
82,2,442.011,389.09,467.812,470.732
82,4,728.261,473.66,759.915,577.25
82,5,1295.25,467.714,1324.89,604.808
82,6,179.854,367.484,1142.25,598.551
82,7,67.2357,272.3,1217.39,708.126
82,8,59.384,137.011,1780.29,798.87
82,12,326.904,379.447,358.703,466.4
82,13,249.366,472.872,301.897,607.803
82,15,899.523,399.354,939.312,508.611
82,16,571.193,395.888,590.378,452.712
82,18,633.419,401.163,660.502,473.831
82,32,469.731,384.109,504.737,460.32
82,58,576.625,467.341,619.473,583.88
82,92,454.594,387.82,479.764,461.605
82,116,268.01,400.203,331.927,512.635
82,125,301.035,342.258,1526.17,649.494
82,129,702.993,457.824,760.07,578.864
82,132,351.697,230.759,379.759,259.831
82,135,231.012,68.0446,1349.77,634.881
82,136,732.253,455.04,750.465,482.538
